timestamp,track,channel,event,note,midi_value
1550,1,0,1,73,57
1811,1,0,0,73,0
1812,1,0,1,73,57
1820,1,0,0,73,64
1850,1,0,1,75,57
2150,1,0,1,73,57
2411,1,0,0,75,0
2412,1,0,1,75,57
2420,1,0,0,73,64
2447,1,0,0,75,64
2450,2,0,1,49,49
2450,1,0,1,77,57
2450,1,0,1,68,57
2695,2,0,0,49,64
2722,2,0,1,56,49
2968,2,0,0,56,64
2993,1,0,0,77,64
2993,1,0,0,68,64
2995,1,0,1,80,57
2995,2,0,1,61,49
3000,1,0,3,64,127
3240,1,0,0,80,64
3240,2,0,0,61,64
3268,1,0,1,72,57
3268,2,0,1,53,49
3513,2,0,0,53,64
3540,2,0,1,61,49
3759,1,0,0,72,64
3813,1,0,1,73,57
4031,2,0,0,61,64
4086,2,0,1,65,49
4304,1,0,0,73,64
4359,1,0,1,68,57
4359,1,0,1,73,57
4577,2,0,0,65,64
4631,2,0,1,54,49
4922,2,0,0,54,64
4954,2,0,1,61,49
5244,2,0,0,61,64
5276,2,0,1,66,49
5567,2,0,0,66,64
5598,2,0,0,68,0
5599,2,0,1,68,49
5793,1,0,0,73,64
5793,1,0,0,68,64
6244,1,0,1,73,57
6525,1,0,0,73,0
6526,1,0,1,73,57
6535,1,0,0,73,64
6567,1,0,1,75,57
6857,1,0,0,75,64
6889,1,0,1,73,57
7172,1,0,1,75,57
7180,1,0,0,73,64
7212,1,0,1,68,57
7212,2,0,1,49,49
7212,1,0,1,77,57
7239,1,0,0,75,64
7457,2,0,0,49,64
7485,2,0,1,56,49
7703,1,0,0,68,64
7703,1,0,0,77,64
7730,2,0,0,56,64
7757,1,0,1,73,57
7757,2,0,1,61,49
7757,1,0,1,80,57
8003,1,0,0,80,64
8003,2,0,0,61,64
8003,1,0,0,73,64
8030,1,0,1,75,57
8030,2,0,1,53,49
8030,1,0,1,84,57
8276,2,0,0,53,64
8303,2,0,1,56,49
8548,1,0,0,75,64
8548,1,0,0,84,64
8576,1,0,1,77,57
8576,1,0,1,85,57
8736,2,0,0,56,64
8821,1,0,0,85,64
8821,1,0,0,77,64
8848,1,0,1,73,57
8848,2,0,1,61,49
8848,1,0,1,80,57
9052,1,0,0,80,0
9053,1,0,1,80,80
9094,1,0,0,80,64
9094,1,0,0,73,64
9121,1,0,1,82,57
9121,1,0,1,73,57
9281,2,0,0,61,64
9394,2,0,1,54,49
9664,2,0,0,54,64
9664,1,0,0,73,64
9664,1,0,0,82,64
9694,2,0,1,61,49
9694,1,0,1,80,57
9964,2,0,0,61,64
9994,2,0,1,68,49
10000,1,0,3,64,0
10234,1,0,0,80,64
10294,1,0,1,73,57
10864,1,0,0,73,64
10894,1,0,1,73,57
11155,1,0,0,73,0
11156,1,0,1,73,57
11164,1,0,0,73,64
11194,1,0,1,75,57
11464,1,0,0,75,64
11494,1,0,1,73,57
11756,1,0,1,75,57
11764,1,0,0,73,64
11791,1,0,0,75,64
11793,1,0,0,68,0
11794,1,0,1,77,57
11794,2,0,1,49,49
11794,1,0,1,68,57
11795,2,0,0,68,64
12039,2,0,0,49,64
12067,2,0,1,56,49
12312,2,0,0,56,64
12337,1,0,0,77,64
12339,2,0,1,61,49
12339,1,0,1,80,57
12585,2,0,0,61,64
12585,1,0,0,80,64
12612,2,0,1,53,49
12612,1,0,1,72,57
12857,2,0,0,53,64
12885,2,0,1,61,49
13103,1,0,0,72,64
13157,1,0,1,73,57
13376,2,0,0,61,64
13430,2,0,1,65,49
13648,1,0,0,73,64
13703,1,0,1,73,57
13703,1,0,1,68,57
13921,2,0,0,65,64
13976,2,0,1,54,49
14246,2,0,0,54,64
14276,2,0,1,61,49
14455,1,0,0,73,64
14455,1,0,0,68,64
14575,1,0,1,66,57
14845,1,0,0,66,64
14875,1,0,1,68,57
15445,1,0,0,68,64
15475,1,0,1,73,57
15737,1,0,0,73,0
15738,1,0,1,73,57
15745,1,0,0,73,64
15775,1,0,1,75,57
16045,1,0,0,75,64
16075,1,0,1,73,57
16256,2,0,0,61,64
16338,1,0,1,75,57
16345,1,0,0,73,64
16375,1,0,1,77,57
16375,1,0,1,68,57
16376,2,0,1,49,49
16403,1,0,0,75,64
16621,2,0,0,49,64
16648,2,0,1,56,49
16867,1,0,0,68,64
16867,1,0,0,77,64
16894,2,0,0,56,64
16921,2,0,1,61,49
16921,1,0,1,80,57
16921,1,0,1,73,57
17167,2,0,0,61,64
17167,1,0,0,73,64
17167,1,0,0,80,64
17194,2,0,1,53,49
17194,1,0,1,84,57
17194,1,0,1,75,57
17439,2,0,0,53,64
17467,2,0,1,56,49
17736,1,0,0,75,64
17736,1,0,0,84,64
17766,1,0,1,77,57
17766,1,0,1,85,57
17947,2,0,0,56,64
18036,1,0,0,85,64
18036,1,0,0,77,64
18066,1,0,1,80,57
18066,1,0,1,73,57
18067,2,0,1,61,49
18290,1,0,0,80,0
18291,1,0,1,80,80
18336,1,0,0,80,64
18336,1,0,0,73,64
18366,1,0,1,82,57
18366,1,0,1,73,57
18547,2,0,0,61,64
18667,2,0,1,54,49
18966,1,0,0,82,64
18966,1,0,0,73,64
18967,2,0,0,54,64
19000,2,0,1,61,49
19000,1,0,1,80,57
19266,1,0,0,80,64
19333,1,0,1,68,57
19633,1,0,0,68,64
19666,1,0,1,73,57
19966,1,0,0,73,64
20666,1,0,1,82,57
20966,1,0,0,82,64
21000,1,0,1,84,57
21200,2,0,0,61,64
21300,1,0,0,84,64
21333,1,0,1,85,57
21333,1,0,1,77,57
21333,2,0,1,58,49
21590,2,0,0,58,64
21619,2,0,1,65,49
21847,1,0,0,85,64
21847,1,0,0,77,64
21904,1,0,1,73,57
22161,1,0,0,73,64
22190,1,0,1,84,57
22190,1,0,1,75,57
22733,1,0,0,84,64
22733,1,0,0,75,64
22761,1,0,1,80,57
22761,1,0,1,72,57
23276,1,0,0,80,64
23276,1,0,0,72,64
23297,1,0,1,80,57
23333,1,0,1,82,57
23333,1,0,1,73,57
23361,1,0,0,80,64
23619,2,0,1,54,49
23619,2,0,0,65,64
23876,1,0,0,73,64
23876,1,0,0,82,64
23876,2,0,0,54,64
23904,1,0,1,80,57
23905,2,0,1,61,49
24162,2,0,0,61,64
24190,2,0,1,68,49
24419,1,0,0,80,64
24476,1,0,1,73,57
24990,1,0,0,73,64
25047,1,0,1,75,57
25546,1,0,0,75,0
25547,1,0,1,75,80
25561,1,0,0,75,64
25618,1,0,0,68,0
25619,1,0,1,77,57
25619,1,0,1,68,57
25905,2,0,1,49,49
25905,2,0,0,68,64
26150,2,0,0,49,64
26150,1,0,0,77,64
26177,2,0,1,56,49
26177,1,0,1,68,57
26423,2,0,0,56,64
26423,1,0,0,68,64
26450,2,0,1,61,49
26450,1,0,1,80,57
26695,1,0,0,80,64
26723,1,0,1,75,57
26941,2,0,0,61,64
26995,2,0,1,48,49
27241,2,0,0,48,64
27241,1,0,0,75,64
27268,2,0,1,56,49
27268,1,0,1,68,57
27513,1,0,0,68,64
27514,2,0,0,56,64
27541,2,0,1,60,49
27541,1,0,1,80,57
27786,1,0,0,80,64
27813,1,0,1,78,57
28032,2,0,0,60,64
28086,2,0,1,46,49
28332,2,0,0,46,64
28332,1,0,0,78,64
28359,2,0,1,53,49
28359,1,0,1,77,57
28604,1,0,0,77,64
28632,1,0,1,75,57
28877,1,0,0,75,64
28904,1,0,1,73,57
29150,1,0,0,73,64
29723,1,0,1,82,57
29723,1,0,1,73,57
29968,1,0,0,82,64
29968,1,0,0,73,64
29995,1,0,1,84,57
29995,1,0,1,75,57
30159,2,0,0,53,64
30241,1,0,0,75,64
30241,1,0,0,84,64
30268,2,0,1,54,49
30268,1,0,1,85,57
30268,1,0,1,78,57
30514,2,0,0,54,64
30541,2,0,1,61,49
30786,2,0,0,61,64
30814,2,0,1,68,49
31086,1,0,0,85,64
31086,1,0,0,78,64
31086,1,0,1,84,57
31086,1,0,1,75,57
31523,1,0,0,84,64
31523,1,0,0,75,64
31632,1,0,1,80,57
31632,1,0,1,72,57
32123,1,0,0,80,64
32123,1,0,0,72,64
32143,1,0,1,80,57
32177,1,0,1,82,57
32177,1,0,1,73,57
32204,1,0,0,80,64
32450,2,0,1,53,49
32450,2,0,0,68,64
32695,2,0,0,53,64
32695,1,0,0,73,64
32695,1,0,0,82,64
32723,2,0,1,61,49
32723,1,0,1,80,57
32968,2,0,0,61,64
32995,2,0,1,65,49
33213,1,0,0,80,64
33268,1,0,1,73,57
33759,1,0,0,73,64
33813,1,0,1,75,57
34448,1,0,1,63,57
34509,1,0,0,63,64
34509,1,0,1,68,57
34570,1,0,0,68,64
34570,1,0,1,70,57
34631,1,0,0,75,0
34632,1,0,1,75,57
34632,1,0,0,70,64
34632,2,0,0,65,64
34632,2,0,1,51,49
34633,1,0,0,75,64
34877,2,0,0,51,64
34905,2,0,1,58,49
35150,2,0,0,58,64
35177,2,0,1,61,49
35450,1,0,1,66,57
35614,2,0,0,61,64
35723,2,0,1,63,49
35886,1,0,0,66,64
35995,1,0,1,68,57
36159,2,0,0,63,64
36268,2,0,1,61,49
36486,1,0,0,68,64
36541,1,0,1,70,57
36705,2,0,0,61,64
36814,2,0,1,63,49
37059,1,0,0,70,64
37086,1,0,1,73,57
37250,2,0,0,63,64
37359,2,0,1,61,49
37577,1,0,0,73,64
37632,1,0,1,75,57
37795,2,0,0,61,64
37905,2,0,1,63,49
38123,1,0,0,75,64
38177,1,0,1,78,57
38341,2,0,0,63,64
38450,2,0,1,61,49
38811,1,0,1,80,57
38873,1,0,1,75,57
38873,1,0,0,80,64
38886,2,0,0,61,64
38934,1,0,0,75,64
38934,1,0,1,73,57
38995,1,0,0,78,64
38995,1,0,0,73,64
38995,1,0,1,68,57
38995,2,0,1,44,49
39241,2,0,0,44,64
39268,2,0,1,51,49
39514,2,0,0,51,64
39541,2,0,1,54,49
39786,2,0,0,54,64
39814,2,0,1,61,49
40332,1,0,0,68,64
40359,1,0,1,68,57
40905,2,0,0,61,64
40905,2,0,1,60,49
41150,2,0,0,60,64
41177,2,0,1,60,37
41177,2,0,1,56,37
42159,1,0,0,68,64
42541,1,0,1,73,63
42778,1,0,0,73,0
42779,1,0,1,73,63
42786,1,0,0,73,64
42813,1,0,1,75,63
43059,1,0,0,75,64
43086,1,0,1,73,63
43141,2,0,0,56,64
43141,2,0,0,60,64
43325,1,0,1,75,57
43332,1,0,0,73,64
43357,1,0,0,75,64
43359,1,0,1,68,57
43359,2,0,1,49,49
43359,1,0,1,77,57
43605,2,0,0,49,64
43632,2,0,1,56,49
43877,2,0,0,56,64
43902,1,0,0,68,64
43902,1,0,0,77,64
43904,1,0,1,80,57
43905,2,0,1,61,49
44150,2,0,0,61,64
44150,1,0,0,80,64
44177,2,0,1,53,49
44177,1,0,1,72,57
44423,2,0,0,53,64
44450,2,0,1,61,49
44668,1,0,0,72,64
44723,1,0,1,73,57
44941,2,0,0,61,64
44995,2,0,1,65,49
45213,1,0,0,73,64
45268,1,0,1,73,57
45268,1,0,1,68,57
45486,2,0,0,65,64
45541,2,0,1,54,49
45831,2,0,0,54,64
45864,2,0,1,61,49
46154,2,0,0,61,64
46186,2,0,1,66,49
46476,2,0,0,66,64
46508,2,0,0,68,0
46509,2,0,1,68,49
46702,1,0,0,68,64
46702,1,0,0,73,64
47153,1,0,1,73,57
47435,1,0,0,73,0
47436,1,0,1,73,57
47444,1,0,0,73,64
47476,1,0,1,75,57
47766,1,0,0,75,64
47799,1,0,1,73,57
48081,1,0,1,75,57
48089,1,0,0,73,64
48121,1,0,1,68,57
48121,1,0,1,77,57
48122,2,0,1,49,49
48149,1,0,0,75,64
48367,2,0,0,49,64
48394,2,0,1,56,49
48612,1,0,0,77,64
48612,1,0,0,68,64
48640,2,0,0,56,64
48667,1,0,1,80,57
48667,1,0,1,73,57
48667,2,0,1,61,49
48912,1,0,0,73,64
48912,1,0,0,80,64
48912,2,0,0,61,64
48940,1,0,1,84,57
48940,1,0,1,75,57
48940,2,0,1,53,49
49185,2,0,0,53,64
49212,2,0,1,56,49
49458,1,0,0,84,64
49458,1,0,0,75,64
49485,1,0,1,85,57
49485,1,0,1,77,57
49645,2,0,0,56,64
49730,1,0,0,77,64
49730,1,0,0,85,64
49758,1,0,1,80,57
49758,1,0,1,73,57
49758,2,0,1,61,49
49961,1,0,0,80,0
49962,1,0,1,80,80
50003,1,0,0,73,64
50003,1,0,0,80,64
50030,1,0,1,73,57
50030,1,0,1,82,57
50191,2,0,0,61,64
50303,2,0,1,54,49
50573,1,0,0,82,64
50573,2,0,0,54,64
50573,1,0,0,73,64
50603,1,0,1,80,57
50603,2,0,1,61,49
50873,2,0,0,61,64
50903,2,0,1,68,49
51143,1,0,0,80,64
51203,1,0,1,73,57
51773,1,0,0,73,64
51803,1,0,1,73,57
52065,1,0,0,73,0
52066,1,0,1,73,57
52073,1,0,0,73,64
52103,1,0,1,75,57
52373,1,0,0,75,64
52403,1,0,1,73,57
52666,1,0,1,75,57
52673,1,0,0,73,64
52701,1,0,0,75,64
52702,1,0,0,68,0
52703,1,0,1,68,57
52703,1,0,1,77,57
52703,2,0,1,49,49
52704,2,0,0,68,64
52949,2,0,0,49,64
52976,2,0,1,56,49
53222,2,0,0,56,64
53246,1,0,0,77,64
53249,1,0,1,80,57
53249,2,0,1,61,49
53494,1,0,0,80,64
53494,2,0,0,61,64
53521,1,0,1,72,57
53522,2,0,1,53,49
53767,2,0,0,53,64
53794,2,0,1,61,49
54012,1,0,0,72,64
54067,1,0,1,73,57
54285,2,0,0,61,64
54340,2,0,1,65,49
54558,1,0,0,73,64
54612,1,0,1,68,57
54612,1,0,1,73,57
54831,2,0,0,65,64
54885,2,0,1,54,49
55155,2,0,0,54,64
55185,2,0,1,61,49
55365,1,0,0,68,64
55365,1,0,0,73,64
55485,1,0,1,66,57
55755,1,0,0,66,64
55785,1,0,1,68,57
56355,1,0,0,68,64
56385,1,0,1,73,57
56646,1,0,0,73,0
56647,1,0,1,73,57
56655,1,0,0,73,64
56685,1,0,1,75,57
56955,1,0,0,75,64
56985,1,0,1,73,57
57165,2,0,0,61,64
57247,1,0,1,75,57
57255,1,0,0,73,64
57285,1,0,1,68,57
57285,2,0,1,49,49
57285,1,0,1,77,57
57312,1,0,0,75,64
57531,2,0,0,49,64
57558,2,0,1,56,49
57776,1,0,0,77,64
57776,1,0,0,68,64
57803,2,0,0,56,64
57830,1,0,1,73,57
57830,1,0,1,80,57
57831,2,0,1,61,49
58076,1,0,0,80,64
58076,2,0,0,61,64
58076,1,0,0,73,64
58103,1,0,1,75,57
58103,2,0,1,53,49
58103,1,0,1,84,57
58349,2,0,0,53,64
58376,2,0,1,56,49
58646,1,0,0,84,64
58646,1,0,0,75,64
58676,1,0,1,85,57
58676,1,0,1,77,57
58856,2,0,0,56,64
58946,1,0,0,77,64
58946,1,0,0,85,64
58976,1,0,1,73,57
58976,2,0,1,61,49
58976,1,0,1,80,57
59200,1,0,0,80,0
59201,1,0,1,80,80
59246,1,0,0,73,64
59246,1,0,0,80,64
59276,1,0,1,73,57
59276,1,0,1,82,57
59456,2,0,0,61,64
59576,2,0,1,54,49
59876,2,0,0,54,64
59876,1,0,0,73,64
59876,1,0,0,82,64
59909,1,0,1,80,57
59909,2,0,1,61,49
60176,1,0,0,80,64
60242,1,0,1,68,57
60542,1,0,0,68,64
60576,1,0,1,73,57
60876,1,0,0,73,64
61576,1,0,1,82,57
61876,1,0,0,82,64
61909,1,0,1,84,57
62109,2,0,0,61,64
62209,1,0,0,84,64
62242,1,0,1,85,57
62242,1,0,1,77,57
62243,2,0,1,58,49
62500,2,0,0,58,64
62528,2,0,1,65,49
62757,1,0,0,77,64
62757,1,0,0,85,64
62814,1,0,1,73,57
63071,1,0,0,73,64
63100,1,0,1,75,57
63100,1,0,1,84,57
63643,1,0,0,75,64
63643,1,0,0,84,64
63671,1,0,1,72,57
63671,1,0,1,80,57
64185,1,0,0,72,64
64185,1,0,0,80,64
64207,1,0,1,80,57
64243,1,0,1,73,57
64243,1,0,1,82,57
64271,1,0,0,80,64
64528,2,0,0,65,64
64528,2,0,1,54,49
64785,1,0,0,73,64
64785,1,0,0,82,64
64786,2,0,0,54,64
64814,1,0,1,80,57
64814,2,0,1,61,49
65071,2,0,0,61,64
65100,2,0,1,68,49
65328,1,0,0,80,64
65385,1,0,1,73,57
65900,1,0,0,73,64
65957,1,0,1,75,57
66456,1,0,0,75,0
66457,1,0,1,75,80
66471,1,0,0,75,64
66527,1,0,0,68,0
66528,1,0,1,68,57
66528,1,0,1,77,57
66814,2,0,0,68,64
66814,2,0,1,49,49
67059,1,0,0,77,64
67060,2,0,0,49,64
67087,1,0,1,68,57
67087,2,0,1,56,49
67332,1,0,0,68,64
67332,2,0,0,56,64
67359,1,0,1,80,57
67360,2,0,1,61,49
67605,1,0,0,80,64
67632,1,0,1,75,57
67851,2,0,0,61,64
67905,2,0,1,48,49
68150,1,0,0,75,64
68151,2,0,0,48,64
68178,1,0,1,68,57
68178,2,0,1,56,49
68423,1,0,0,68,64
68423,2,0,0,56,64
68450,1,0,1,80,57
68451,2,0,1,60,49
68696,1,0,0,80,64
68723,1,0,1,78,57
68941,2,0,0,60,64
68996,2,0,1,46,49
69241,1,0,0,78,64
69241,2,0,0,46,64
69269,1,0,1,77,57
69269,2,0,1,53,49
69514,1,0,0,77,64
69541,1,0,1,75,57
69787,1,0,0,75,64
69814,1,0,1,73,57
70059,1,0,0,73,64
70632,1,0,1,73,57
70632,1,0,1,82,57
70878,1,0,0,73,64
70878,1,0,0,82,64
70905,1,0,1,75,57
70905,1,0,1,84,57
71069,2,0,0,53,64
71150,1,0,0,84,64
71150,1,0,0,75,64
71178,1,0,1,78,57
71178,2,0,1,54,49
71178,1,0,1,85,57
71423,2,0,0,54,64
71451,2,0,1,61,49
71696,2,0,0,61,64
71723,2,0,1,68,49
71996,1,0,1,75,57
71996,1,0,0,85,64
71996,1,0,0,78,64
71996,1,0,1,84,57
72432,1,0,0,75,64
72432,1,0,0,84,64
72541,1,0,1,72,57
72541,1,0,1,80,57
73032,1,0,0,72,64
73032,1,0,0,80,64
73053,1,0,1,80,57
73087,1,0,1,73,57
73087,1,0,1,82,57
73114,1,0,0,80,64
73360,2,0,0,68,64
73360,2,0,1,53,49
73605,1,0,0,82,64
73605,2,0,0,53,64
73605,1,0,0,73,64
73632,1,0,1,80,57
73632,2,0,1,61,49
73878,2,0,0,61,64
73905,2,0,1,65,49
74123,1,0,0,80,64
74178,1,0,1,73,57
74669,1,0,0,73,64
74723,1,0,1,75,57
75357,1,0,1,63,57
75419,1,0,1,68,57
75419,1,0,0,63,64
75480,1,0,1,70,57
75480,1,0,0,68,64
75540,1,0,0,75,0
75541,2,0,1,51,49
75541,1,0,0,70,64
75541,1,0,1,75,57
75541,2,0,0,65,64
75542,1,0,0,75,64
75787,2,0,0,51,64
75814,2,0,1,58,49
76060,2,0,0,58,64
76087,2,0,1,61,49
76359,1,0,1,66,57
76523,2,0,0,61,64
76632,2,0,1,63,49
76796,1,0,0,66,64
76905,1,0,1,68,57
77069,2,0,0,63,64
77178,2,0,1,61,49
77396,1,0,0,68,64
77450,1,0,1,70,57
77614,2,0,0,61,64
77723,2,0,1,63,49
77969,1,0,0,70,64
77996,1,0,1,73,57
78160,2,0,0,63,64
78269,2,0,1,61,49
78487,1,0,0,73,64
78541,1,0,1,75,57
78705,2,0,0,61,64
78814,2,0,1,63,49
79032,1,0,0,75,64
79087,1,0,1,78,57
79251,2,0,0,63,64
79360,2,0,1,61,49
79721,1,0,1,80,57
79782,1,0,0,80,64
79782,1,0,1,75,57
79796,2,0,0,61,64
79844,1,0,1,73,57
79844,1,0,0,75,64
79905,2,0,1,44,49
79905,1,0,1,68,57
79905,1,0,0,78,64
79905,1,0,0,73,64
80151,2,0,0,44,64
80178,2,0,1,51,49
80423,2,0,0,51,64
80451,2,0,1,54,49
80696,2,0,0,54,64
80723,2,0,1,61,49
81241,1,0,0,68,64
81269,1,0,1,68,57
81814,2,0,1,60,49
81814,2,0,0,61,64
82060,2,0,0,60,64
82086,1,0,0,68,0
82087,1,0,1,68,64
82087,2,0,1,60,40
82087,2,0,1,56,40
83069,1,0,0,68,64
83450,1,0,1,61,69
83688,1,0,0,61,0
83689,1,0,1,61,69
83696,1,0,0,61,64
83723,1,0,1,63,69
83969,1,0,0,63,64
83996,1,0,1,61,69
84051,2,0,0,56,64
84051,2,0,0,60,64
84234,1,0,1,63,55
84241,1,0,0,61,64
84269,1,0,1,65,55
84269,2,0,1,37,53
84269,1,0,1,56,55
84296,1,0,0,63,64
84538,2,0,0,37,64
84541,2,0,1,44,53
84759,1,0,0,56,64
84759,1,0,0,65,64
84807,2,0,0,44,64
84814,2,0,1,53,53
84814,1,0,1,68,69
85059,1,0,0,68,64
85084,2,0,0,53,64
85087,2,0,1,44,53
85087,1,0,1,60,60
85353,2,0,0,44,64
85360,2,0,1,51,80
85605,1,0,0,60,64
85631,2,0,0,51,64
85632,2,0,1,44,80
85632,1,0,1,61,69
85904,2,0,0,44,64
85905,2,0,1,49,80
86123,1,0,0,61,64
86177,2,0,0,49,64
86178,2,0,1,42,80
86178,1,0,1,61,69
86423,1,0,0,61,64
86696,2,0,0,42,64
86723,2,0,1,49,53
86723,1,0,1,85,57
86961,1,0,0,85,0
86962,1,0,1,85,57
86969,1,0,0,85,64
86969,2,0,0,49,64
86996,1,0,1,87,57
86996,2,0,1,56,53
87241,1,0,0,87,64
87241,2,0,0,56,64
87269,1,0,1,85,57
87269,2,0,1,49,53
87514,1,0,0,85,64
87514,2,0,0,49,64
87541,2,0,1,42,53
87541,1,0,1,94,57
87541,1,0,1,82,57
87787,2,0,0,42,64
87787,1,0,0,82,64
87787,1,0,0,94,64
87814,2,0,1,49,53
87814,1,0,1,92,57
87814,1,0,1,80,80
88059,1,0,0,80,64
88059,1,0,0,92,64
88060,2,0,0,49,64
88087,2,0,1,54,53
88332,2,0,0,54,64
88359,1,0,1,61,69
88360,2,0,1,49,53
88482,1,0,0,61,64
88496,1,0,1,63,69
88605,2,0,0,49,64
88619,1,0,0,63,64
88632,1,0,1,65,69
88632,2,0,1,37,53
88878,1,0,0,65,64
88902,2,0,0,37,64
88905,1,0,1,63,69
88905,2,0,1,44,53
89150,1,0,0,63,64
89171,2,0,0,44,64
89178,1,0,1,61,69
89178,2,0,1,49,53
89423,1,0,0,61,64
89447,2,0,0,49,64
89450,1,0,1,60,59
89450,1,0,1,68,59
89451,2,0,1,41,53
89716,2,0,0,41,64
89723,2,0,1,48,53
89969,1,0,0,68,64
89969,1,0,0,60,64
89989,2,0,0,48,64
89996,1,0,1,61,69
89996,2,0,1,53,80
90432,2,0,0,53,64
90487,1,0,0,61,64
90541,1,0,1,61,69
90541,2,0,1,42,80
90787,1,0,0,61,64
91060,2,0,0,42,64
91087,1,0,1,85,56
91087,2,0,1,49,53
91324,1,0,0,85,0
91325,1,0,1,85,56
91332,2,0,0,49,64
91332,1,0,0,85,64
91359,1,0,1,87,56
91360,2,0,1,56,53
91605,2,0,0,56,64
91605,1,0,0,87,64
91632,2,0,1,49,53
91632,1,0,1,85,56
91878,2,0,0,49,64
91878,1,0,0,85,64
91905,1,0,1,94,56
91905,1,0,1,82,56
91905,2,0,1,42,53
92150,1,0,0,94,64
92150,1,0,0,82,64
92151,2,0,0,42,64
92178,1,0,1,92,56
92178,1,0,1,80,80
92178,2,0,1,49,53
92423,1,0,0,80,64
92423,1,0,0,92,64
92423,2,0,0,49,64
92451,2,0,1,54,53
92696,2,0,0,54,64
92723,2,0,1,49,53
92723,1,0,1,61,69
92846,1,0,0,61,64
92859,1,0,1,63,69
92969,2,0,0,49,64
92982,1,0,0,63,64
92996,2,0,1,37,53
92996,1,0,1,65,69
93241,1,0,0,65,64
93265,2,0,0,37,64
93269,2,0,1,44,53
93269,1,0,1,63,69
93514,1,0,0,63,64
93535,2,0,0,44,64
93541,2,0,1,49,53
93541,1,0,1,61,69
93787,1,0,0,61,64
93811,2,0,0,49,64
93814,1,0,1,60,59
93814,1,0,1,68,59
93814,2,0,1,41,53
94080,2,0,0,41,64
94087,2,0,1,49,53
94332,1,0,0,60,64
94332,1,0,0,68,64
94353,2,0,0,49,64
94359,1,0,1,61,69
94360,2,0,1,53,80
94796,2,0,0,53,64
94850,1,0,0,61,64
94905,2,0,1,42,53
94905,1,0,1,61,69
95150,1,0,0,61,64
95423,2,0,0,42,64
95450,1,0,1,85,55
95451,2,0,1,49,53
95688,1,0,0,85,0
95689,1,0,1,85,55
95696,1,0,0,85,64
95696,2,0,0,49,64
95723,1,0,1,87,55
95723,2,0,1,56,53
95969,1,0,0,87,64
95969,2,0,0,56,64
95996,1,0,1,85,55
95996,2,0,1,49,53
96241,1,0,0,85,64
96241,2,0,0,49,64
96269,1,0,1,82,55
96269,2,0,1,42,53
96269,1,0,1,94,55
96514,1,0,0,94,64
96514,2,0,0,42,64
96514,1,0,0,82,64
96541,1,0,1,80,80
96541,2,0,1,49,53
96541,1,0,1,92,55
96787,1,0,0,92,64
96787,2,0,0,49,64
96787,1,0,0,80,64
96814,2,0,1,54,53
97060,2,0,0,54,64
97087,1,0,1,61,69
97087,2,0,1,49,53
97209,1,0,0,61,64
97223,1,0,1,63,69
97332,2,0,0,49,64
97346,1,0,0,63,64
97359,1,0,1,65,69
97360,2,0,1,37,53
97605,1,0,0,65,64
97629,2,0,0,37,64
97632,1,0,1,63,69
97632,2,0,1,44,53
97878,1,0,0,63,64
97898,2,0,0,44,64
97905,1,0,1,61,69
97905,2,0,1,49,53
98150,1,0,0,61,64
98174,2,0,0,49,64
98178,1,0,1,68,59
98178,2,0,1,41,53
98178,1,0,1,60,59
98444,2,0,0,41,64
98451,2,0,1,48,80
98696,1,0,0,68,64
98696,1,0,0,60,64
98722,2,0,0,48,64
98723,1,0,1,61,69
98723,2,0,1,53,80
99160,2,0,0,53,64
99214,1,0,0,61,64
99269,2,0,1,42,80
99269,2,0,1,49,80
99269,1,0,1,61,69
99787,2,0,0,42,64
99787,2,0,0,49,64
99814,2,0,1,49,53
100060,2,0,0,49,64
100087,2,0,1,56,53
100332,2,0,0,56,64
100360,2,0,1,49,53
100523,1,0,0,61,64
100605,2,0,0,49,64
100632,2,0,1,56,58
100878,2,0,0,56,64
100905,2,0,1,49,55
101151,2,0,0,49,64
101178,2,0,1,56,80
101423,2,0,0,56,64
101450,1,0,1,73,67
101451,2,0,1,49,80
101573,1,0,0,73,64
101587,1,0,1,75,67
101696,2,0,0,49,64
101709,1,0,0,75,64
101723,1,0,1,68,67
101723,2,0,1,37,63
101723,1,0,1,77,67
101969,1,0,0,77,64
101969,2,0,0,37,64
101969,1,0,0,68,64
101996,1,0,1,75,67
101996,2,0,1,44,63
102241,1,0,0,75,64
102241,2,0,0,44,64
102269,1,0,1,73,67
102269,2,0,1,49,63
102514,1,0,0,73,64
102514,2,0,0,49,64
102541,1,0,1,72,67
102541,2,0,1,41,56
102541,1,0,1,80,67
102787,2,0,0,41,64
102814,2,0,1,49,63
103059,1,0,0,72,64
103059,1,0,0,80,64
103060,2,0,0,49,64
103087,1,0,1,73,67
103087,2,0,1,53,63
103523,2,0,0,53,64
103578,1,0,0,73,64
103632,1,0,1,73,56
103632,1,0,1,70,56
103632,1,0,1,66,56
103632,2,0,1,42,63
103878,1,0,0,66,64
103878,1,0,0,73,64
103878,1,0,0,70,64
104151,2,0,0,42,64
104178,1,0,1,85,59
104178,2,0,1,49,63
104415,1,0,0,85,0
104416,1,0,1,85,59
104423,2,0,0,49,64
104423,1,0,0,85,64
104450,1,0,1,87,59
104451,2,0,1,56,63
104696,2,0,0,56,64
104696,1,0,0,87,64
104723,2,0,1,49,63
104723,1,0,1,85,59
104969,2,0,0,49,64
104969,1,0,0,85,64
104996,2,0,1,54,63
104996,1,0,1,94,59
104996,1,0,1,82,59
105241,2,0,0,54,64
105241,1,0,0,82,64
105241,1,0,0,94,64
105269,2,0,1,49,63
105269,1,0,1,92,59
105269,1,0,1,80,80
105514,2,0,0,49,64
105514,1,0,0,80,64
105514,1,0,0,92,64
105541,2,0,1,56,63
105787,2,0,0,56,64
105814,2,0,1,49,63
105814,1,0,1,73,67
105937,1,0,0,73,64
105950,1,0,1,75,67
106060,2,0,0,49,64
106073,1,0,0,75,64
106087,2,0,1,37,63
106087,1,0,1,77,67
106087,1,0,1,68,67
106332,2,0,0,37,64
106332,1,0,0,68,64
106332,1,0,0,77,64
106359,1,0,1,75,67
106360,2,0,1,44,63
106605,2,0,0,44,64
106605,1,0,0,75,64
106632,2,0,1,49,63
106632,1,0,1,73,67
106878,2,0,0,49,64
106878,1,0,0,73,64
106905,2,0,1,41,56
106905,1,0,1,80,67
106905,1,0,1,72,67
107151,2,0,0,41,64
107178,2,0,1,49,63
107423,2,0,0,49,64
107423,1,0,0,72,64
107423,1,0,0,80,64
107450,1,0,1,73,67
107451,2,0,1,53,63
107887,2,0,0,53,64
107941,1,0,0,73,64
107996,1,0,1,66,55
107996,1,0,1,73,55
107996,2,0,1,42,63
107996,1,0,1,70,55
108241,1,0,0,70,64
108241,1,0,0,66,64
108241,1,0,0,73,64
108514,2,0,0,42,64
108541,2,0,1,49,63
108541,1,0,1,85,59
108779,1,0,0,85,0
108780,1,0,1,85,59
108787,1,0,0,85,64
108787,2,0,0,49,64
108814,1,0,1,87,59
108814,2,0,1,56,63
109059,1,0,0,87,64
109060,2,0,0,56,64
109087,1,0,1,85,59
109087,2,0,1,49,63
109332,1,0,0,85,64
109332,2,0,0,49,64
109359,1,0,1,94,59
109359,1,0,1,82,59
109360,2,0,1,54,63
109605,1,0,0,82,64
109605,1,0,0,94,64
109605,2,0,0,54,64
109632,1,0,1,92,59
109632,1,0,1,80,80
109632,2,0,1,49,63
109878,1,0,0,80,64
109878,1,0,0,92,64
109878,2,0,0,49,64
109905,2,0,1,56,63
110151,2,0,0,56,64
110178,1,0,1,73,67
110178,2,0,1,49,63
110300,1,0,0,73,64
110314,1,0,1,75,67
110423,2,0,0,49,64
110437,1,0,0,75,64
110450,1,0,1,77,67
110450,1,0,1,68,67
110451,2,0,1,37,63
110696,1,0,0,68,64
110696,1,0,0,77,64
110696,2,0,0,37,64
110723,1,0,1,75,67
110723,2,0,1,44,63
110969,1,0,0,75,64
110969,2,0,0,44,64
110996,1,0,1,73,67
110996,2,0,1,49,63
111241,1,0,0,73,64
111241,2,0,0,49,64
111269,1,0,1,80,67
111269,1,0,1,72,67
111269,2,0,1,41,56
111514,2,0,0,41,64
111541,2,0,1,49,63
111787,1,0,0,72,64
111787,1,0,0,80,64
111787,2,0,0,49,64
111814,1,0,1,73,67
111814,2,0,1,53,63
112251,2,0,0,53,64
112305,1,0,0,73,64
112359,1,0,1,66,53
112359,1,0,1,73,53
112359,1,0,1,70,53
112360,2,0,1,42,63
112605,1,0,0,73,64
112605,1,0,0,70,64
112605,1,0,0,66,64
112878,2,0,0,42,64
112905,1,0,1,85,59
112905,2,0,1,49,61
113143,1,0,0,85,0
113144,1,0,1,85,59
113150,1,0,0,85,64
113151,2,0,0,49,64
113178,2,0,1,56,61
113178,1,0,1,87,59
113423,2,0,0,56,64
113423,1,0,0,87,64
113450,1,0,1,85,59
113451,2,0,1,49,61
113696,2,0,0,49,64
113696,1,0,0,85,64
113723,1,0,1,82,59
113723,2,0,1,54,61
113723,1,0,1,94,59
113969,1,0,0,94,64
113969,2,0,0,54,64
113969,1,0,0,82,64
113996,1,0,1,80,80
113996,2,0,1,49,56
113996,1,0,1,92,59
114241,1,0,0,92,64
114241,2,0,0,49,64
114241,1,0,0,80,64
114269,2,0,1,56,61
114514,2,0,0,56,64
114541,2,0,1,49,56
114541,1,0,1,73,62
114664,1,0,0,73,64
114678,1,0,1,75,62
114787,2,0,0,49,64
114800,1,0,0,75,64
114814,1,0,1,68,62
114814,2,0,1,37,63
114814,1,0,1,77,62
115059,1,0,0,77,64
115059,1,0,0,68,64
115060,2,0,0,37,64
115087,2,0,1,44,63
115087,1,0,1,75,61
115332,2,0,0,44,64
115332,1,0,0,75,64
115359,1,0,1,73,61
115360,2,0,1,49,63
115605,2,0,0,49,64
115605,1,0,0,73,64
115632,1,0,1,72,60
115632,2,0,1,41,56
115632,1,0,1,80,60
115878,2,0,0,41,64
115905,2,0,1,49,63
116150,1,0,0,80,64
116150,1,0,0,72,64
116151,2,0,0,49,64
116178,1,0,1,68,59
116178,2,0,1,53,63
116178,1,0,1,73,59
116614,2,0,0,53,64
116669,1,0,0,68,64
116669,1,0,0,73,64
116723,2,0,1,42,63
116723,1,0,1,68,53
116723,1,0,1,70,80
116723,1,0,1,73,53
117241,2,0,0,42,64
117241,1,0,0,70,64
117241,1,0,0,73,64
117241,1,0,0,68,64
117269,2,0,1,49,40
117269,1,0,1,61,51
117514,2,0,0,49,64
117514,1,0,0,61,64
117541,2,0,1,56,40
117541,1,0,1,68,51
117787,1,0,0,68,64
117814,1,0,1,63,51
118332,1,0,0,63,64
118359,1,0,1,61,50
118605,1,0,0,61,64
118632,1,0,1,68,50
118878,1,0,0,68,64
118905,1,0,1,63,48
119423,1,0,0,63,64
119450,1,0,1,61,46
119696,1,0,0,61,64
119723,1,0,1,68,45
119969,1,0,0,68,64
119996,1,0,1,63,45
120514,1,0,0,63,64
120541,1,0,1,73,50
120787,1,0,0,73,64
120814,1,0,1,75,54
121059,1,0,0,75,64
121087,1,0,1,73,60
121141,2,0,0,56,64
121325,1,0,1,75,57
121332,1,0,0,73,64
121357,1,0,0,75,64
121359,1,0,1,68,57
121359,1,0,1,77,57
121360,2,0,1,49,49
121605,2,0,0,49,64
121632,2,0,1,56,49
121878,2,0,0,56,64
121903,1,0,0,68,64
121903,1,0,0,77,64
121905,2,0,1,61,49
121905,1,0,1,80,57
122150,1,0,0,80,64
122151,2,0,0,61,64
122178,2,0,1,53,49
122178,1,0,1,72,57
122423,2,0,0,53,64
122451,2,0,1,61,49
122669,1,0,0,72,64
122723,1,0,1,73,57
122941,2,0,0,61,64
122996,2,0,1,65,49
123214,1,0,0,73,64
123269,1,0,1,73,57
123269,1,0,1,68,57
123487,2,0,0,65,64
123541,2,0,1,54,49
123832,2,0,0,54,64
123864,2,0,1,61,49
124154,2,0,0,61,64
124187,2,0,1,66,49
124477,2,0,0,66,64
124508,2,0,0,68,0
124509,2,0,1,68,49
124703,1,0,0,68,64
124703,1,0,0,73,64
125154,1,0,1,73,57
125435,1,0,0,73,0
125436,1,0,1,73,57
125444,1,0,0,73,64
125477,1,0,1,75,57
125767,1,0,0,75,64
125799,1,0,1,73,57
126082,1,0,1,75,57
126090,1,0,0,73,64
126122,1,0,1,77,57
126122,1,0,1,68,57
126122,2,0,1,49,49
126149,1,0,0,75,64
126368,2,0,0,49,64
126395,2,0,1,56,49
126613,1,0,0,77,64
126613,1,0,0,68,64
126640,2,0,0,56,64
126667,1,0,1,73,57
126667,1,0,1,80,57
126668,2,0,1,61,49
126913,1,0,0,73,64
126913,1,0,0,80,64
126913,2,0,0,61,64
126940,1,0,1,84,57
126940,1,0,1,75,57
126940,2,0,1,53,49
127186,2,0,0,53,64
127213,2,0,1,56,49
127458,1,0,0,84,64
127458,1,0,0,75,64
127486,1,0,1,85,57
127486,1,0,1,77,57
127646,2,0,0,56,64
127731,1,0,0,77,64
127731,1,0,0,85,64
127758,1,0,1,80,57
127758,1,0,1,73,57
127758,2,0,1,61,49
127962,1,0,0,80,0
127963,1,0,1,80,80
128004,1,0,0,73,64
128004,1,0,0,80,64
128031,1,0,1,73,57
128031,1,0,1,82,57
128191,2,0,0,61,64
128304,2,0,1,54,49
128574,1,0,0,82,64
128574,2,0,0,54,64
128574,1,0,0,73,64
128604,1,0,1,80,57
128604,2,0,1,61,49
128874,2,0,0,61,64
128904,2,0,1,68,49
129144,1,0,0,80,64
129204,1,0,1,73,57
129774,1,0,0,73,64
129804,1,0,1,73,57
130065,1,0,0,73,0
130066,1,0,1,73,57
130074,1,0,0,73,64
130104,1,0,1,75,57
130374,1,0,0,75,64
130404,1,0,1,73,57
130666,1,0,1,75,57
130674,1,0,0,73,64
130701,1,0,0,75,64
130703,1,0,0,68,0
130704,1,0,1,68,57
130704,1,0,1,77,57
130704,2,0,1,49,49
130705,2,0,0,68,64
130949,2,0,0,49,64
130977,2,0,1,56,49
131222,2,0,0,56,64
131247,1,0,0,77,64
131249,1,0,1,80,57
131249,2,0,1,61,49
131495,1,0,0,80,64
131495,2,0,0,61,64
131522,1,0,1,72,57
131522,2,0,1,53,49
131768,2,0,0,53,64
131795,2,0,1,61,49
132013,1,0,0,72,64
132067,1,0,1,73,57
132286,2,0,0,61,64
132340,2,0,1,65,49
132558,1,0,0,73,64
132613,1,0,1,68,57
132613,1,0,1,73,57
132831,2,0,0,65,64
132886,2,0,1,54,49
133156,2,0,0,54,64
133186,2,0,1,61,49
133365,1,0,0,68,64
133365,1,0,0,73,64
133485,1,0,1,66,57
133755,1,0,0,66,64
133785,1,0,1,68,57
134355,1,0,0,68,64
134385,1,0,1,73,57
134647,1,0,0,73,0
134648,1,0,1,73,57
134655,1,0,0,73,64
134685,1,0,1,75,57
134955,1,0,0,75,64
134985,1,0,1,73,57
135166,2,0,0,61,64
135248,1,0,1,75,57
135255,1,0,0,73,64
135285,1,0,1,68,57
135285,1,0,1,77,57
135286,2,0,1,49,49
135313,1,0,0,75,64
135531,2,0,0,49,64
135558,2,0,1,56,49
135776,1,0,0,77,64
135776,1,0,0,68,64
135804,2,0,0,56,64
135831,1,0,1,73,57
135831,2,0,1,61,49
135831,1,0,1,80,57
136076,1,0,0,80,64
136076,1,0,0,73,64
136077,2,0,0,61,64
136104,1,0,1,75,57
136104,2,0,1,53,49
136104,1,0,1,84,57
136349,2,0,0,53,64
136377,2,0,1,56,49
136646,1,0,0,84,64
136646,1,0,0,75,64
136676,1,0,1,85,57
136676,1,0,1,77,57
136857,2,0,0,56,64
136946,1,0,0,77,64
136946,1,0,0,85,64
136976,1,0,1,73,57
136976,1,0,1,80,57
136977,2,0,1,61,49
137200,1,0,0,80,0
137201,1,0,1,80,80
137246,1,0,0,73,64
137246,1,0,0,80,64
137276,1,0,1,73,57
137276,1,0,1,82,57
137457,2,0,0,61,64
137577,2,0,1,54,49
137876,1,0,0,73,64
137876,1,0,0,82,64
137877,2,0,0,54,64
137910,1,0,1,80,57
137910,2,0,1,61,49
138176,1,0,0,80,64
138243,1,0,1,68,57
138543,1,0,0,68,64
138576,1,0,1,73,57
138876,1,0,0,73,64
139576,1,0,1,82,57
139876,1,0,0,82,64
139910,1,0,1,84,57
140110,2,0,0,61,64
140210,1,0,0,84,64
140243,2,0,1,58,49
140243,1,0,1,85,57
140243,1,0,1,77,57
140500,2,0,0,58,64
140529,2,0,1,65,49
140757,1,0,0,77,64
140757,1,0,0,85,64
140814,1,0,1,73,57
141071,1,0,0,73,64
141100,1,0,1,75,57
141100,1,0,1,84,57
141643,1,0,0,75,64
141643,1,0,0,84,64
141671,1,0,1,72,57
141671,1,0,1,80,57
142186,1,0,0,72,64
142186,1,0,0,80,64
142207,1,0,1,80,57
142243,1,0,1,73,57
142243,1,0,1,82,57
142271,1,0,0,80,64
142529,2,0,0,65,64
142529,2,0,1,54,49
142786,2,0,0,54,64
142786,1,0,0,73,64
142786,1,0,0,82,64
142814,1,0,1,80,57
142815,2,0,1,61,49
143072,2,0,0,61,64
143100,2,0,1,68,49
143329,1,0,0,80,64
143386,1,0,1,73,57
143900,1,0,0,73,64
143957,1,0,1,75,57
144456,1,0,0,75,0
144457,1,0,1,75,80
144471,1,0,0,75,64
144528,1,0,0,68,0
144529,1,0,1,68,57
144529,1,0,1,77,57
144815,2,0,0,68,64
144815,2,0,1,49,49
145060,1,0,0,77,64
145060,2,0,0,49,64
145087,1,0,1,68,57
145087,2,0,1,56,49
145333,1,0,0,68,64
145333,2,0,0,56,64
145360,1,0,1,80,57
145360,2,0,1,61,49
145605,1,0,0,80,64
145633,1,0,1,75,57
145851,2,0,0,61,64
145906,2,0,1,48,49
146151,1,0,0,75,64
146151,2,0,0,48,64
146178,1,0,1,68,57
146178,2,0,1,56,49
146423,1,0,0,68,64
146424,2,0,0,56,64
146451,1,0,1,80,57
146451,2,0,1,60,49
146696,1,0,0,80,64
146723,1,0,1,78,57
146942,2,0,0,60,64
146997,2,0,1,46,49
147242,1,0,0,78,64
147242,2,0,0,46,64
147269,1,0,1,77,57
147269,2,0,1,53,49
147514,1,0,0,77,64
147542,1,0,1,75,57
147787,1,0,0,75,64
147814,1,0,1,73,57
148060,1,0,0,73,64
148633,1,0,1,73,57
148633,1,0,1,82,57
148878,1,0,0,73,64
148878,1,0,0,82,64
148905,1,0,1,75,57
148905,1,0,1,84,57
149069,2,0,0,53,64
149151,1,0,0,84,64
149151,1,0,0,75,64
149178,1,0,1,78,57
149178,2,0,1,54,49
149178,1,0,1,85,57
149424,2,0,0,54,64
149451,2,0,1,61,49
149697,2,0,0,61,64
149724,2,0,1,68,49
149996,1,0,1,75,57
149996,1,0,0,85,64
149996,1,0,0,78,64
149996,1,0,1,84,57
150433,1,0,0,75,64
150433,1,0,0,84,64
150542,1,0,1,72,57
150542,1,0,1,80,57
151033,1,0,0,72,64
151033,1,0,0,80,64
151053,1,0,1,80,57
151087,1,0,1,73,57
151087,1,0,1,82,57
151114,1,0,0,80,64
151360,2,0,0,68,64
151360,2,0,1,53,49
151605,1,0,0,73,64
151605,1,0,0,82,64
151606,2,0,0,53,64
151633,1,0,1,80,57
151633,2,0,1,61,49
151878,2,0,0,61,64
151906,2,0,1,65,49
152123,1,0,0,80,64
152178,1,0,1,73,57
152669,1,0,0,73,64
152723,1,0,1,75,57
153357,1,0,1,63,57
153419,1,0,1,68,57
153419,1,0,0,63,64
153480,1,0,1,70,57
153480,1,0,0,68,64
153541,1,0,0,75,0
153542,1,0,0,70,64
153542,2,0,0,65,64
153542,2,0,1,51,49
153542,1,0,1,75,57
153543,1,0,0,75,64
153787,2,0,0,51,64
153815,2,0,1,58,49
154060,2,0,0,58,64
154087,2,0,1,61,49
154360,1,0,1,66,57
154524,2,0,0,61,64
154633,2,0,1,63,49
154796,1,0,0,66,64
154905,1,0,1,68,57
155069,2,0,0,63,64
155178,2,0,1,61,49
155396,1,0,0,68,64
155451,1,0,1,70,57
155615,2,0,0,61,64
155969,1,0,0,70,64
155996,1,0,1,73,53
156487,1,0,0,73,64
156542,1,0,1,75,58
157796,1,0,0,75,64
157905,1,0,1,65,64
157905,1,0,1,73,64
157906,2,0,1,46,54
158151,2,0,0,46,64
158178,2,0,1,53,54
158424,2,0,0,53,64
158451,2,0,1,61,54
158723,1,0,1,72,64
158723,1,0,1,63,64
158723,1,0,0,73,64
158723,1,0,0,65,64
159242,2,0,0,61,64
159242,1,0,0,63,64
159242,1,0,0,72,64
159269,1,0,1,70,64
159760,1,0,0,70,64
159814,1,0,1,68,64
160087,2,0,1,48,54
160357,2,0,0,48,64
160357,1,0,0,68,64
160387,2,0,1,56,54
160387,1,0,1,63,64
160657,2,0,0,56,64
160687,2,0,1,60,54
160927,1,0,0,63,64
160987,1,0,1,75,64
161467,1,0,0,75,64
161587,1,0,1,68,64
162487,1,0,1,77,64
162487,2,0,0,60,64
162487,2,0,1,49,54
162487,1,0,0,68,64
162488,1,0,1,68,64
162733,2,0,0,49,64
162760,2,0,1,56,54
162978,1,0,0,77,64
162978,1,0,0,68,64
163006,2,0,0,56,64
163032,1,0,1,78,64
163033,2,0,1,61,54
163278,2,0,0,61,64
163278,1,0,0,78,64
163305,1,0,1,68,80
163305,1,0,1,77,64
163578,2,0,1,48,54
163823,1,0,0,77,64
163823,1,0,0,68,64
163824,2,0,0,48,64
163851,2,0,1,56,54
163851,1,0,1,75,64
164069,2,0,0,56,64
164124,2,0,1,60,54
164341,1,0,0,75,64
164396,1,0,1,73,64
164560,2,0,0,60,64
164669,2,0,1,46,54
164914,1,0,0,73,64
164915,2,0,0,46,64
164941,1,0,1,65,64
164942,2,0,1,53,54
165160,1,0,0,65,64
165187,2,0,0,53,64
165214,1,0,1,70,80
165215,2,0,1,61,54
165460,1,0,0,70,64
165487,1,0,1,73,64
165706,2,0,0,61,64
165760,2,0,1,44,54
166005,1,0,0,73,64
166006,2,0,0,44,64
166032,1,0,1,65,64
166033,2,0,1,53,54
166251,2,0,0,53,64
166251,1,0,0,65,64
166305,1,0,1,68,80
166306,2,0,1,63,54
166551,1,0,0,68,64
166578,1,0,1,70,64
166742,2,0,0,63,64
166851,2,0,1,43,54
167096,2,0,0,43,64
167124,2,0,1,51,54
167369,2,0,0,51,64
167396,2,0,1,53,54
167642,2,0,0,53,64
167669,2,0,1,58,54
168187,1,0,0,70,64
168214,1,0,1,65,64
168705,1,0,0,65,64
168760,1,0,1,63,64
168924,2,0,0,58,64
169033,2,0,1,42,54
169278,2,0,0,42,64
169306,2,0,1,51,54
169551,2,0,0,51,64
169578,2,0,1,53,54
169824,2,0,0,53,64
169851,2,0,1,58,54
170014,1,0,0,63,64
170396,1,0,1,70,64
170641,1,0,0,70,64
170669,1,0,1,72,64
170914,1,0,0,72,64
170941,1,0,1,68,64
171106,2,0,0,58,64
171215,2,0,1,41,54
171460,2,0,0,41,64
171487,2,0,1,44,54
171733,2,0,0,44,64
171760,2,0,1,53,54
172006,2,0,0,53,64
172032,1,0,1,60,63
172032,1,0,0,68,64
172033,2,0,1,56,54
172469,1,0,0,60,64
172578,1,0,1,63,63
173069,1,0,0,63,64
173123,1,0,1,61,63
173287,2,0,0,56,64
173396,2,0,1,46,54
173641,1,0,0,61,64
173642,2,0,0,46,64
173669,2,0,1,53,54
173669,1,0,1,73,63
173669,1,0,1,65,63
173915,2,0,0,53,64
173942,2,0,1,56,54
174160,1,0,0,73,64
174160,1,0,0,65,64
174214,1,0,1,72,63
174214,1,0,1,63,63
174705,1,0,0,72,64
174705,1,0,0,63,64
174760,1,0,1,60,63
174760,1,0,1,68,63
174924,2,0,0,56,64
175033,2,0,1,46,54
175524,2,0,0,46,64
175578,2,0,1,39,54
175578,1,0,1,66,51
175578,1,0,0,60,64
175578,1,0,0,68,64
175578,1,0,1,58,51
175578,1,0,1,61,51
175824,2,0,0,39,64
175851,2,0,1,46,54
176069,1,0,0,66,64
176069,1,0,0,58,64
176069,1,0,0,61,64
176096,2,0,0,46,64
176123,1,0,1,65,63
176124,2,0,1,54,54
176369,1,0,0,65,64
176396,1,0,1,61,63
176914,1,0,0,61,64
176941,1,0,1,58,63
177759,1,0,0,54,0
177760,1,0,1,54,52
177760,1,0,0,58,64
177760,2,0,1,44,54
177761,2,0,0,54,64
177828,1,0,1,58,53
177896,1,0,1,61,55
177964,1,0,1,65,56
178701,1,0,0,58,64
178769,1,0,0,61,64
178837,1,0,0,65,64
178851,1,0,1,66,59
179832,1,0,0,66,64
179941,1,0,1,70,58
180923,1,0,0,70,64
180924,2,0,0,44,64
181032,1,0,1,68,49
181278,1,0,0,68,64
181305,1,0,1,73,53
181509,1,0,0,73,0
181510,1,0,1,73,80
181551,1,0,0,73,64
181578,1,0,1,75,56
181823,1,0,0,75,64
181851,1,0,1,73,60
182089,1,0,1,75,60
182096,1,0,0,73,64
182123,1,0,1,68,60
182123,1,0,1,77,60
182124,2,0,1,37,54
182151,1,0,0,75,64
182369,2,0,0,37,64
182396,2,0,1,44,54
182614,1,0,0,77,64
182614,1,0,0,68,64
182642,2,0,0,44,64
182669,2,0,1,49,54
182669,1,0,1,80,63
182914,1,0,0,80,64
182915,2,0,0,49,64
182941,1,0,1,72,63
182942,2,0,1,41,54
183187,2,0,0,41,64
183215,2,0,1,49,54
183433,2,0,0,49,64
183460,1,0,0,72,64
183487,2,0,1,53,80
183487,1,0,1,73,63
183924,2,0,0,53,64
183978,1,0,0,73,64
184032,1,0,1,73,80
184032,1,0,1,70,80
184032,1,0,1,68,80
184033,2,0,1,42,54
184278,1,0,0,70,64
184278,1,0,0,68,64
184278,1,0,0,73,64
184551,2,0,0,42,64
184578,2,0,1,49,54
184578,1,0,1,85,63
184815,1,0,0,85,0
184816,1,0,1,85,63
184823,1,0,0,85,64
184824,2,0,0,49,64
184851,1,0,1,87,63
184851,2,0,1,56,54
185096,1,0,0,87,64
185096,2,0,0,56,64
185123,1,0,1,85,63
185124,2,0,1,49,54
185369,1,0,0,85,64
185369,2,0,0,49,64
185396,2,0,1,54,54
185396,1,0,1,94,63
185396,1,0,1,82,63
185641,1,0,0,82,64
185641,1,0,0,94,64
185642,2,0,0,54,64
185669,2,0,1,49,54
185669,1,0,1,92,63
185669,1,0,1,80,80
185914,1,0,0,80,64
185914,1,0,0,92,64
185915,2,0,0,49,64
185942,2,0,1,56,54
186187,2,0,0,56,64
186214,1,0,1,73,63
186215,2,0,1,49,54
186337,1,0,0,73,64
186351,1,0,1,75,63
186460,2,0,0,49,64
186473,1,0,0,75,64
186487,2,0,1,37,54
186487,1,0,1,77,63
186487,1,0,1,68,63
186732,1,0,0,68,64
186732,1,0,0,77,64
186733,2,0,0,37,64
186760,1,0,1,75,63
186760,2,0,1,44,54
187005,1,0,0,75,64
187006,2,0,0,44,64
187032,1,0,1,73,63
187033,2,0,1,49,54
187278,1,0,0,73,64
187278,2,0,0,49,64
187305,1,0,1,80,63
187305,1,0,1,72,63
187306,2,0,1,41,54
187551,2,0,0,41,64
187578,2,0,1,49,54
187796,2,0,0,49,64
187823,1,0,0,80,64
187823,1,0,0,72,64
187851,1,0,1,73,63
187851,2,0,1,53,80
188287,2,0,0,53,64
188341,1,0,0,73,64
188396,1,0,1,73,63
188396,1,0,1,70,63
188396,1,0,1,68,63
188396,2,0,1,42,54
188641,1,0,0,73,64
188641,1,0,0,70,64
188641,1,0,0,68,64
188915,2,0,0,42,64
188941,1,0,1,85,63
188942,2,0,1,49,54
189179,1,0,0,85,0
189180,1,0,1,85,63
189187,2,0,0,49,64
189187,1,0,0,85,64
189214,1,0,1,87,63
189215,2,0,1,56,54
189460,2,0,0,56,64
189460,1,0,0,87,64
189487,2,0,1,49,54
189487,1,0,1,85,63
189732,1,0,0,85,64
189733,2,0,0,49,64
189760,1,0,1,94,63
189760,1,0,1,82,63
189760,2,0,1,54,54
190005,1,0,0,94,64
190005,1,0,0,82,64
190006,2,0,0,54,64
190032,1,0,1,80,80
190032,1,0,1,92,63
190033,2,0,1,49,54
190278,1,0,0,80,64
190278,1,0,0,92,64
190278,2,0,0,49,64
190306,2,0,1,56,54
190551,2,0,0,56,64
190578,2,0,1,49,54
190578,1,0,1,73,63
190701,1,0,0,73,64
190714,1,0,1,75,63
190824,2,0,0,49,64
190837,1,0,0,75,64
190851,1,0,1,77,63
190851,1,0,1,68,63
190851,2,0,1,37,54
191096,1,0,0,68,64
191096,1,0,0,77,64
191096,2,0,0,37,64
191123,1,0,1,75,63
191124,2,0,1,44,54
191369,2,0,0,44,64
191369,1,0,0,75,64
191396,2,0,1,49,54
191396,1,0,1,73,63
191641,1,0,0,73,64
191642,2,0,0,49,64
191669,1,0,1,80,63
191669,1,0,1,72,63
191669,2,0,1,41,54
191915,2,0,0,41,64
191942,2,0,1,49,54
192160,2,0,0,49,64
192187,1,0,0,72,64
192187,1,0,0,80,64
192214,1,0,1,73,63
192215,2,0,1,53,54
192651,2,0,0,53,64
192705,1,0,0,73,64
192760,1,0,1,68,80
192760,1,0,1,73,80
192760,2,0,1,42,80
192760,1,0,1,70,80
193005,1,0,0,68,64
193005,1,0,0,73,64
193005,1,0,0,70,64
193278,2,0,0,42,64
193306,2,0,1,49,54
193551,2,0,0,49,64
193578,1,0,1,92,80
193578,1,0,1,85,80
193578,2,0,1,56,54
193701,1,0,0,92,64
193701,1,0,0,85,64
193714,1,0,1,87,80
193824,2,0,0,56,64
193837,1,0,0,87,64
193851,2,0,1,49,54
194096,2,0,0,49,64
194123,1,0,1,73,63
194123,1,0,1,80,80
194124,2,0,1,54,54
194246,1,0,0,80,64
194246,1,0,0,73,64
194260,1,0,1,75,63
194369,2,0,0,54,64
194382,1,0,0,75,64
194396,2,0,1,49,54
194642,2,0,0,49,64
194669,1,0,1,61,80
194669,1,0,1,68,80
194669,2,0,1,56,54
194791,1,0,0,61,64
194791,1,0,0,68,64
194805,1,0,1,63,80
194915,2,0,0,56,64
194928,1,0,0,63,64
194942,2,0,1,49,54
195146,1,0,1,63,80
195187,2,0,0,49,64
195214,1,0,1,65,63
195214,1,0,1,56,63
195215,2,0,1,37,54
195269,1,0,0,63,64
195460,2,0,0,37,64
195487,2,0,1,44,54
195651,1,0,0,56,64
195651,1,0,0,65,64
195733,2,0,0,44,64
195760,2,0,1,49,54
195760,1,0,1,68,63
196005,1,0,0,68,64
196006,2,0,0,49,64
196032,1,0,1,60,63
196032,1,0,1,56,80
196033,2,0,1,41,54
196278,2,0,0,41,64
196306,2,0,1,49,54
196469,1,0,0,60,64
196523,1,0,0,56,64
196524,2,0,0,49,64
196578,2,0,1,53,80
196578,1,0,1,61,63
197014,1,0,0,61,64
197015,2,0,0,53,64
197123,1,0,1,61,80
197123,1,0,1,54,80
197124,2,0,1,42,54
197369,1,0,0,54,64
197369,1,0,0,61,64
197642,2,0,0,42,64
197669,2,0,1,49,54
197669,1,0,1,85,56
197906,1,0,0,85,0
197907,1,0,1,85,56
197914,1,0,0,85,64
197915,2,0,0,49,64
197941,1,0,1,87,56
197942,2,0,1,56,54
198187,1,0,0,87,64
198187,2,0,0,56,64
198214,1,0,1,85,56
198215,2,0,1,49,54
198460,1,0,0,85,64
198460,2,0,0,49,64
198487,1,0,1,82,56
198487,2,0,1,54,54
198487,1,0,1,94,56
198732,1,0,0,82,64
198732,1,0,0,94,64
198733,2,0,0,54,64
198760,1,0,1,80,80
198760,2,0,1,49,54
198760,1,0,1,92,56
199005,1,0,0,80,64
199005,1,0,0,92,64
199006,2,0,0,49,64
199033,2,0,1,56,54
199278,2,0,0,56,64
199305,1,0,1,73,63
199306,2,0,1,49,54
199428,1,0,0,73,64
199441,1,0,1,75,63
199551,2,0,0,49,64
199564,1,0,0,75,64
199578,1,0,1,68,63
199578,2,0,1,49,54
199578,1,0,1,77,63
199823,1,0,0,68,64
199823,1,0,0,77,64
199824,2,0,0,49,64
199851,1,0,1,75,63
199851,2,0,1,56,54
200096,1,0,0,75,64
200096,2,0,0,56,64
200123,1,0,1,73,63
200124,2,0,1,61,54
200369,1,0,0,73,64
200369,2,0,0,61,64
200396,1,0,1,72,63
200396,2,0,1,53,54
200396,1,0,1,80,63
200642,2,0,0,53,64
200669,2,0,1,61,54
200887,2,0,0,61,64
200914,1,0,0,80,64
200914,1,0,0,72,64
200941,1,0,1,73,63
200942,2,0,1,65,54
201378,2,0,0,65,64
201432,1,0,0,73,64
201487,1,0,1,68,50
201487,2,0,1,54,54
201487,1,0,1,73,50
201487,1,0,1,70,50
201732,1,0,0,68,64
201732,1,0,0,73,64
201732,1,0,0,70,64
201978,2,0,0,54,64
202032,1,0,1,85,56
202033,2,0,1,61,54
202251,2,0,0,61,64
202278,1,0,0,85,64
202305,1,0,1,87,56
202306,2,0,1,68,54
202524,2,0,0,68,64
202551,1,0,0,87,64
202578,1,0,1,85,56
202578,2,0,1,61,54
202796,2,0,0,61,64
202823,1,0,0,85,64
202851,1,0,1,94,56
202851,2,0,1,70,54
203096,1,0,0,94,64
203096,2,0,0,70,64
203123,1,0,1,92,56
203124,2,0,1,61,54
203369,1,0,0,92,64
203369,2,0,0,61,64
203396,2,0,1,68,54
203642,2,0,0,68,64
203669,1,0,1,73,63
203669,2,0,1,61,54
203791,1,0,0,73,64
203805,1,0,1,75,63
203915,2,0,0,61,64
203928,1,0,0,75,64
203941,1,0,1,77,63
203941,1,0,1,68,63
203942,2,0,1,49,54
204187,1,0,0,77,64
204187,2,0,0,49,64
204187,1,0,0,68,64
204214,1,0,1,75,63
204215,2,0,1,56,54
204460,1,0,0,75,64
204460,2,0,0,56,64
204487,1,0,1,73,63
204487,2,0,1,61,54
204732,1,0,0,73,64
204733,2,0,0,61,64
204760,1,0,1,72,63
204760,2,0,1,53,54
204760,1,0,1,80,63
205006,2,0,0,53,64
205033,2,0,1,61,54
205251,2,0,0,61,64
205278,1,0,0,80,64
205278,1,0,0,72,64
205305,1,0,1,73,63
205306,2,0,1,65,54
205742,2,0,0,65,64
205796,1,0,0,73,64
205851,1,0,1,73,51
205851,2,0,1,54,54
205851,1,0,1,70,51
205851,1,0,1,68,51
206096,1,0,0,73,64
206096,1,0,0,70,64
206096,1,0,0,68,64
206369,2,0,0,54,64
206396,1,0,1,85,55
206396,2,0,1,61,54
206641,1,0,0,85,64
206642,2,0,0,61,64
206669,1,0,1,87,55
206669,2,0,1,68,54
206914,1,0,0,87,64
206915,2,0,0,68,64
206941,1,0,1,85,55
206942,2,0,1,61,54
207187,1,0,0,85,64
207187,2,0,0,61,64
207214,1,0,1,94,55
207215,2,0,1,70,54
207460,1,0,0,94,64
207460,2,0,0,70,64
207487,1,0,1,92,55
207487,2,0,1,61,54
207732,1,0,0,92,64
207733,2,0,0,61,64
207760,2,0,1,68,54
208006,2,0,0,68,64
208032,1,0,1,73,63
208033,2,0,1,61,80
208155,1,0,0,73,64
208169,1,0,1,75,63
208278,2,0,0,61,64
208291,1,0,0,75,64
208305,1,0,1,77,63
208305,1,0,1,68,63
208306,2,0,1,49,54
208551,1,0,0,77,64
208551,2,0,0,49,64
208551,1,0,0,68,64
208578,1,0,1,75,64
208578,2,0,1,56,54
208823,1,0,0,75,64
208824,2,0,0,56,64
208851,1,0,1,73,64
208851,2,0,1,61,54
209096,1,0,0,73,64
209096,2,0,0,61,64
209123,1,0,1,80,64
209123,1,0,1,72,64
209124,2,0,1,53,54
209369,2,0,0,53,64
209396,2,0,1,61,54
209615,2,0,0,61,64
209641,1,0,0,80,64
209641,1,0,0,72,64
209669,1,0,1,73,64
209669,2,0,1,65,54
210106,2,0,0,65,64
210160,1,0,0,73,64
210214,1,0,1,73,51
210214,1,0,1,70,51
210214,1,0,1,68,51
210215,2,0,1,54,54
210460,1,0,0,70,64
210460,1,0,0,68,64
210460,1,0,0,73,64
210775,2,0,0,54,64
210806,1,0,1,85,55
210807,2,0,1,61,54
211093,1,0,0,85,64
211094,2,0,0,61,64
211125,1,0,1,87,55
211126,2,0,1,68,54
211412,1,0,0,87,64
211413,2,0,0,68,64
211444,1,0,1,85,55
211445,2,0,1,61,54
211732,1,0,0,85,64
211732,2,0,0,61,64
211763,1,0,1,94,55
211764,2,0,1,70,54
212051,1,0,0,94,64
212051,2,0,0,70,64
212083,1,0,1,92,55
212083,2,0,1,61,54
212370,1,0,0,92,64
212370,2,0,0,61,64
212402,2,0,1,68,54
212689,2,0,0,68,64
212721,1,0,1,73,64
212721,2,0,1,61,80
212865,1,0,0,73,64
212880,1,0,1,75,64
213009,2,0,0,61,64
213024,1,0,0,75,64
213040,1,0,1,77,64
213040,1,0,1,68,64
213041,2,0,1,49,54
213347,1,0,0,77,64
213347,2,0,0,49,64
213347,1,0,0,68,64
213381,1,0,1,75,64
213381,2,0,1,56,54
213688,1,0,0,75,64
213688,2,0,0,56,64
213722,1,0,1,73,64
213722,2,0,1,61,54
214029,1,0,0,73,64
214029,2,0,0,61,64
214063,1,0,1,72,64
214063,2,0,1,53,54
214063,1,0,1,80,64
214370,2,0,0,53,64
214404,2,0,1,61,54
214677,2,0,0,61,64
214710,1,0,0,80,64
214710,1,0,0,72,64
214745,1,0,1,73,64
214745,2,0,1,65,54
215052,2,0,0,65,64
215086,2,0,1,61,54
215700,2,0,0,61,64
215767,1,0,1,68,48
215767,1,0,0,73,64
215767,1,0,1,70,48
215768,1,0,1,73,48
215768,2,0,1,54,54
216165,2,0,0,54,64
216209,2,0,1,61,54
216561,1,0,0,73,64
216561,1,0,0,70,64
216561,1,0,0,68,64
216649,1,0,1,66,54
217046,1,0,0,66,64
217090,1,0,1,68,56
217487,1,0,0,68,64
217532,1,0,1,73,59
217929,1,0,0,73,64
217973,1,0,1,80,61
218370,1,0,0,80,64
218414,1,0,1,85,63
218811,1,0,0,85,64
218855,1,0,1,89,65
219306,2,0,0,61,64
219529,1,0,0,89,64
219604,1,0,1,97,68
219606,0,15,7,255,255
224404,1,0,0,97,64
225601,1,15,7,255,255
225603,2,15,7,255,255